Timestamp,Prediction
2024-01-26 14:20:00,18.400635
2024-01-26 14:25:00,21.061058
2024-01-26 14:30:00,19.917519
2024-01-26 14:35:00,20.540964
2024-01-26 14:40:00,18.029716
2024-01-26 14:45:00,18.538773
2024-01-26 14:50:00,20.359253
2024-01-26 14:55:00,20.490635
2024-01-26 15:00:00,29.759007
2024-01-26 15:05:00,38.51323
2024-01-26 15:10:00,49.699745
2024-01-26 15:15:00,53.807117
2024-01-26 15:20:00,59.778976
2024-01-26 15:25:00,67.27457
2024-01-26 15:30:00,64.96531
2024-01-26 15:35:00,70.81414
2024-01-26 15:40:00,88.32258
2024-01-26 15:45:00,94.00103
2024-01-26 15:50:00,94.247086
2024-01-26 15:55:00,92.84639
2024-01-26 16:00:00,87.016594
2024-01-26 16:05:00,89.79895
2024-01-26 16:10:00,92.695045
2024-01-26 16:15:00,92.429955
2024-01-26 16:20:00,88.71999
2024-01-26 16:25:00,108.32866
2024-01-26 16:30:00,114.76568
2024-01-26 16:35:00,124.09098
2024-01-26 16:40:00,134.26823
2024-01-26 16:45:00,135.04051
2024-01-26 16:50:00,135.71085
2024-01-26 16:55:00,143.50272
2024-01-26 17:00:00,148.34145
2024-01-26 17:05:00,155.74721
2024-01-26 17:10:00,159.60916
2024-01-26 17:15:00,161.97168
2024-01-26 17:20:00,163.74359
2024-01-26 17:25:00,168.78679
2024-01-26 17:30:00,168.4915
2024-01-26 17:35:00,166.21979
2024-01-26 17:40:00,164.01602
2024-01-26 17:45:00,160.88124
2024-01-26 17:50:00,159.97243
2024-01-26 17:55:00,157.13297
2024-01-26 18:00:00,155.13371
2024-01-26 18:05:00,152.68037
2024-01-26 18:10:00,149.4319
2024-01-26 18:15:00,148.8184
2024-01-26 18:20:00,148.93208
2024-01-26 18:25:00,149.11372
2024-01-26 18:30:00,147.81879
2024-01-26 18:35:00,147.75082
2024-01-26 18:40:00,147.81879
2024-01-26 18:45:00,146.84201
2024-01-26 18:50:00,144.29785
2024-01-26 18:55:00,142.9121
2024-01-26 19:00:00,141.02652
2024-01-26 19:05:00,137.86887
2024-01-26 19:10:00,135.50635
2024-01-26 19:15:00,132.53032
2024-01-26 19:20:00,131.40591
2024-01-26 19:25:00,128.13458
2024-01-26 19:30:00,127.066986
2024-01-26 19:35:00,122.023766
2024-01-26 19:40:00,119.10459
2024-01-26 19:45:00,115.79927
2024-01-26 19:50:00,112.795105
2024-01-26 19:55:00,108.88191
2024-01-26 20:00:00,107.042946
2024-01-26 20:05:00,104.21126
2024-01-26 20:10:00,98.449165
2024-01-26 20:15:00,96.55635
2024-01-26 20:20:00,92.25957
2024-01-26 20:25:00,93.11148
2024-01-26 20:30:00,89.07979
2024-01-26 20:35:00,82.66316
2024-01-26 20:40:00,73.76688
2024-01-26 20:45:00,67.13251
2024-01-26 20:50:00,62.627716
2024-01-26 20:55:00,59.33421
2024-01-26 21:00:00,52.160362
2024-01-26 21:05:00,39.41229
2024-01-26 21:10:00,30.033392
2024-01-26 21:15:00,23.186153
2024-01-26 21:20:00,20.490635
2024-01-26 21:25:00,20.099234
2024-01-26 21:30:00,19.295734
2024-01-26 21:35:00,18.852917
2024-01-26 21:40:00,18.349533
2024-01-26 21:45:00,18.745047
2024-01-26 21:50:00,18.523638
2024-01-26 21:55:00,19.000525
2024-01-26 22:00:00,19.917519
2024-01-26 22:05:00,20.331276
2024-01-26 22:10:00,20.258593
2024-01-26 22:15:00,22.201841
2024-01-26 22:20:00,23.493727
2024-01-26 22:25:00,25.618446
2024-01-26 22:30:00,26.295113
2024-01-26 22:35:00,26.195763
2024-01-26 22:40:00,26.711561
2024-01-26 22:45:00,27.648453
2024-01-26 22:50:00,27.989223
2024-01-26 22:55:00,28.519186
2024-01-26 23:00:00,26.957626
2024-01-26 23:05:00,26.44182
2024-01-26 23:10:00,27.156332
2024-01-26 23:15:00,24.979616
2024-01-26 23:20:00,23.195667
2024-01-26 23:25:00,22.250305
2024-01-26 23:30:00,21.195292
2024-01-26 23:35:00,18.671246
2024-01-26 23:40:00,18.201925
2024-01-26 23:45:00,17.585001
2024-01-26 23:50:00,17.602037
2024-01-26 23:55:00,17.651237
2024-01-27 00:00:00,17.287888
2024-01-27 00:05:00,16.014305
2024-01-27 00:10:00,16.646362
2024-01-27 00:15:00,15.859132
2024-01-27 00:20:00,15.380348
2024-01-27 00:25:00,15.522285
2024-01-27 00:30:00,15.719094
2024-01-27 00:35:00,15.522285
2024-01-27 00:40:00,15.486321
2024-01-27 00:45:00,14.729356
2024-01-27 00:50:00,14.576082
2024-01-27 00:55:00,14.362234
2024-01-27 01:00:00,14.343308
2024-01-27 01:05:00,14.912928
2024-01-27 01:10:00,15.141904
2024-01-27 01:15:00,14.500384
2024-01-27 01:20:00,14.257204
2024-01-27 01:25:00,13.760452
2024-01-27 01:30:00,13.8418255
2024-01-27 01:35:00,14.055664
2024-01-27 01:40:00,13.608113
2024-01-27 01:45:00,13.135957
2024-01-27 01:50:00,12.720573
2024-01-27 01:55:00,12.625007
2024-01-27 02:00:00,11.942795
2024-01-27 02:05:00,11.271934
2024-01-27 02:10:00,11.822623
2024-01-27 02:15:00,11.926709
2024-01-27 02:20:00,12.263556
2024-01-27 02:25:00,12.4442835
2024-01-27 02:30:00,12.069581
2024-01-27 02:35:00,12.501999
2024-01-27 02:40:00,12.008082
2024-01-27 02:45:00,12.439547
2024-01-27 02:50:00,12.669476
2024-01-27 02:55:00,12.505782
2024-01-27 03:00:00,12.58432
2024-01-27 03:05:00,11.745038
2024-01-27 03:10:00,11.860478
2024-01-27 03:15:00,11.925761
2024-01-27 03:20:00,11.695837
2024-01-27 03:25:00,11.297487
2024-01-27 03:30:00,11.198128
2024-01-27 03:35:00,10.815868
2024-01-27 03:40:00,11.098777
2024-01-27 03:45:00,11.469696
2024-01-27 03:50:00,11.641899
2024-01-27 03:55:00,11.736519
2024-01-27 04:00:00,11.592698
2024-01-27 04:05:00,11.745038
2024-01-27 04:10:00,11.618252
2024-01-27 04:15:00,11.494291
2024-01-27 04:20:00,11.707187
2024-01-27 04:25:00,12.03363
2024-01-27 04:30:00,12.412111
2024-01-27 04:35:00,12.801947
2024-01-27 04:40:00,13.040385
2024-01-27 04:45:00,13.912787
2024-01-27 04:50:00,14.232604
2024-01-27 04:55:00,14.996197
2024-01-27 05:00:00,15.751262
2024-01-27 05:05:00,15.571486
2024-01-27 05:10:00,15.751262
2024-01-27 05:15:00,15.915904
2024-01-27 05:20:00,16.572561
2024-01-27 05:25:00,17.356024
2024-01-27 05:30:00,17.567966
2024-01-27 05:35:00,18.389269
2024-01-27 05:40:00,19.074326
2024-01-27 05:45:00,20.244604
2024-01-27 05:50:00,21.021788
2024-01-27 05:55:00,21.776838
2024-01-27 06:00:00,22.40685
2024-01-27 06:05:00,22.473967
2024-01-27 06:10:00,24.340784
2024-01-27 06:15:00,27.41191
2024-01-27 06:20:00,29.54127
2024-01-27 06:25:00,30.989319
2024-01-27 06:30:00,32.14395
2024-01-27 06:35:00,33.951572
2024-01-27 06:40:00,37.150375
2024-01-27 06:45:00,40.235664
2024-01-27 06:50:00,44.021294
2024-01-27 06:55:00,44.645966
2024-01-27 07:00:00,45.58286
2024-01-27 07:05:00,46.16017
2024-01-27 07:10:00,49.671417
2024-01-27 07:15:00,48.374725
2024-01-27 07:20:00,52.671513
2024-01-27 07:25:00,55.084778
2024-01-27 07:30:00,54.393948
2024-01-27 07:35:00,53.163635
2024-01-27 07:40:00,53.85447
2024-01-27 07:45:00,56.684177
2024-01-27 07:50:00,59.135498
2024-01-27 07:55:00,62.97778
2024-01-27 08:00:00,67.19889
2024-01-27 08:05:00,65.50478
2024-01-27 08:10:00,65.58046
2024-01-27 08:15:00,65.92123
2024-01-27 08:20:00,65.87387
2024-01-27 08:25:00,68.21146
2024-01-27 08:30:00,68.01276
2024-01-27 08:35:00,75.148544
2024-01-27 08:40:00,73.35043
2024-01-27 08:45:00,77.30645
2024-01-27 08:50:00,78.21502
2024-01-27 08:55:00,79.95648
2024-01-27 09:00:00,83.136246
2024-01-27 09:05:00,87.433044
2024-01-27 09:10:00,87.24362
2024-01-27 09:15:00,88.89038
2024-01-27 09:20:00,89.30682
2024-01-27 09:25:00,89.30682
2024-01-27 09:30:00,89.96934
2024-01-27 09:35:00,89.30682
2024-01-27 09:40:00,93.33852
2024-01-27 09:45:00,95.4774
2024-01-27 09:50:00,95.64779
2024-01-27 09:55:00,93.67929
2024-01-27 10:00:00,92.94111
2024-01-27 10:05:00,93.09246
2024-01-27 10:10:00,90.31011
2024-01-27 10:15:00,89.15547
2024-01-27 10:20:00,81.09209
2024-01-27 10:25:00,78.95321
2024-01-27 10:30:00,75.33795
2024-01-27 10:35:00,75.07286
2024-01-27 10:40:00,72.85831
2024-01-27 10:45:00,71.060196
2024-01-27 10:50:00,65.67516
2024-01-27 10:55:00,58.009197
2024-01-27 11:00:00,52.453777
2024-01-27 11:05:00,50.021484
2024-01-27 11:10:00,45.384148
2024-01-27 11:15:00,40.28302
2024-01-27 11:20:00,36.951668
2024-01-27 11:25:00,38.551067
2024-01-27 11:30:00,42.96137
2024-01-27 11:35:00,46.538776
2024-01-27 11:40:00,46.62397
2024-01-27 11:45:00,45.95195
2024-01-27 11:50:00,52.378098
2024-01-27 11:55:00,51.914303
2024-01-27 12:00:00,57.147976
2024-01-27 12:05:00,58.54867
2024-01-27 12:10:00,61.501415
2024-01-27 12:15:00,61.671795
2024-01-27 12:20:00,61.548767
2024-01-27 12:25:00,64.71924
2024-01-27 12:30:00,62.3343
2024-01-27 12:35:00,63.68764
2024-01-27 12:40:00,62.16392
2024-01-27 12:45:00,68.73191
2024-01-27 12:50:00,64.25545
2024-01-27 12:55:00,62.504684
2024-01-27 13:00:00,63.10081
2024-01-27 13:05:00,68.921326
2024-01-27 13:10:00,67.151535
2024-01-27 13:15:00,66.95283
2024-01-27 13:20:00,71.94974
2024-01-27 13:25:00,67.67198
2024-01-27 13:30:00,67.3976
2024-01-27 13:35:00,66.858116
2024-01-27 13:40:00,80.42958
2024-01-27 13:45:00,87.754776
2024-01-27 13:50:00,83.5527
2024-01-27 13:55:00,88.83374
2024-01-27 14:00:00,95.307014
2024-01-27 14:05:00,91.63511
2024-01-27 14:10:00,86.01331
2024-01-27 14:15:00,91.862144
2024-01-27 14:20:00,86.77053
2024-01-27 14:25:00,91.21867
2024-01-27 14:30:00,98.69523
2024-01-27 14:35:00,109.76087
2024-01-27 14:40:00,119.309074
2024-01-27 14:45:00,123.50034
2024-01-27 14:50:00,122.319084
2024-01-27 14:55:00,118.95693
2024-01-27 15:00:00,113.232254
2024-01-27 15:05:00,109.09347
2024-01-27 15:10:00,108.47517
2024-01-27 15:15:00,104.56931
2024-01-27 15:20:00,103.153465
2024-01-27 15:25:00,101.75399
2024-01-27 15:30:00,100.549706
2024-01-27 15:35:00,99.6384
2024-01-27 15:40:00,93.11148
2024-01-27 15:45:00,90.46146
2024-01-27 15:50:00,98.20311
2024-01-27 15:55:00,102.87685
2024-01-27 16:00:00,106.76633
2024-01-27 16:05:00,111.84373
2024-01-27 16:10:00,114.97017
2024-01-27 16:15:00,120.54719
2024-01-27 16:20:00,126.3287
2024-01-27 16:25:00,127.15781
2024-01-27 16:30:00,126.21502
2024-01-27 16:35:00,125.82889
2024-01-27 16:40:00,126.181046
2024-01-27 16:45:00,127.896095
2024-01-27 16:50:00,126.51034
2024-01-27 16:55:00,123.943306
2024-01-27 17:00:00,122.319084
2024-01-27 17:05:00,119.84287
2024-01-27 17:10:00,117.42351
2024-01-27 17:15:00,114.91332
2024-01-27 17:20:00,111.79503
2024-01-27 17:25:00,108.686714
2024-01-27 17:30:00,105.92008
2024-01-27 17:35:00,104.58568
2024-01-27 17:40:00,102.9419
2024-01-27 17:45:00,99.34541
2024-01-27 17:50:00,95.72346
2024-01-27 17:55:00,94.247086
2024-01-27 18:00:00,90.87791
2024-01-27 18:05:00,87.925156
2024-01-27 18:10:00,83.40134
2024-01-27 18:15:00,80.18351
2024-01-27 18:20:00,77.13606
2024-01-27 18:25:00,87.433044
2024-01-27 18:30:00,98.69523
2024-01-27 18:35:00,105.78996
2024-01-27 18:40:00,115.20865
2024-01-27 18:45:00,117.480354
2024-01-27 18:50:00,126.21502
2024-01-27 18:55:00,135.04051
2024-01-27 19:00:00,143.88885
2024-01-27 19:05:00,148.90923
2024-01-27 19:10:00,155.45189
2024-01-27 19:15:00,158.40506
2024-01-27 19:20:00,164.9477
2024-01-27 19:25:00,167.49187
2024-01-27 19:30:00,170.64952
2024-01-27 19:35:00,172.83043
2024-01-27 19:40:00,175.39745
2024-01-27 19:45:00,177.55547
2024-01-27 19:50:00,180.71312
2024-01-27 19:55:00,183.98444
2024-01-27 20:00:00,186.46066
2024-01-27 20:05:00,188.11888
2024-01-27 20:10:00,188.89113
2024-01-27 20:15:00,189.11848
2024-01-27 20:20:00,187.2329
2024-01-27 20:25:00,186.46066
2024-01-27 20:30:00,185.09775
2024-01-27 20:35:00,182.30336
2024-01-27 20:40:00,180.03168
2024-01-27 20:45:00,176.96483
2024-01-27 20:50:00,172.62593
2024-01-27 20:55:00,166.81041
2024-01-27 21:00:00,161.26736
2024-01-27 21:05:00,153.56631
2024-01-27 21:10:00,145.88812
2024-01-27 21:15:00,135.35869
2024-01-27 21:20:00,124.53395
2024-01-27 21:25:00,113.527565
2024-01-27 21:30:00,101.80268
2024-01-27 21:35:00,88.39826
2024-01-27 21:40:00,76.07614
2024-01-27 21:45:00,65.77917
2024-01-27 21:50:00,58.54867
2024-01-27 21:55:00,48.74382
2024-01-27 22:00:00,43.727875
2024-01-27 22:05:00,37.973755
2024-01-27 22:10:00,35.21972
2024-01-27 22:15:00,33.279552
2024-01-27 22:20:00,29.635979
2024-01-27 22:25:00,28.187931
2024-01-27 22:30:00,27.41191
2024-01-27 22:35:00,24.77139
2024-01-27 22:40:00,24.033207
2024-01-27 22:45:00,23.787146
2024-01-27 22:50:00,21.855108
2024-01-27 22:55:00,22.261461
2024-01-27 23:00:00,21.8253
2024-01-27 23:05:00,20.585676
2024-01-27 23:10:00,19.649136
2024-01-27 23:15:00,19.314667
2024-01-27 23:20:00,19.290066
2024-01-27 23:25:00,19.830847
2024-01-27 23:30:00,18.87372
2024-01-27 23:35:00,17.955914
2024-01-27 23:40:00,18.094055
2024-01-27 23:45:00,17.528233
2024-01-27 23:50:00,17.594467
2024-01-27 23:55:00,16.879137
2024-01-28 00:00:00,15.955637
2024-01-28 00:05:00,15.571486
2024-01-28 00:10:00,16.177042
2024-01-28 00:15:00,15.151367
2024-01-28 00:20:00,14.8788595
2024-01-28 00:25:00,14.246802
2024-01-28 00:30:00,15.060535
2024-01-28 00:35:00,14.500384
2024-01-28 00:40:00,13.500238
2024-01-28 00:45:00,12.966583
2024-01-28 00:50:00,13.504974
2024-01-28 00:55:00,12.646776
2024-01-28 01:00:00,11.078913
2024-01-28 01:05:00,10.568905
2024-01-28 01:10:00,10.774234
2024-01-28 01:15:00,11.333433
2024-01-28 01:20:00,11.362769
2024-01-28 01:25:00,10.239626
2024-01-28 01:30:00,10.511189
2024-01-28 01:35:00,11.291803
2024-01-28 01:40:00,11.408187
2024-01-28 01:45:00,10.001183
2024-01-28 01:50:00,10.72125
2024-01-28 01:55:00,10.092023
2024-01-28 02:00:00,10.523487
2024-01-28 02:05:00,10.162041
2024-01-28 02:10:00,10.523487
2024-01-28 02:15:00,10.350335
2024-01-28 02:20:00,10.926573
2024-01-28 02:25:00,10.614324
2024-01-28 02:30:00,10.495104
2024-01-28 02:35:00,10.630409
2024-01-28 02:40:00,10.73733
2024-01-28 02:45:00,10.778017
2024-01-28 02:50:00,10.2320595
2024-01-28 02:55:00,9.795858
2024-01-28 03:00:00,9.997399
2024-01-28 03:05:00,10.056537
2024-01-28 03:10:00,9.185088
2024-01-28 03:15:00,9.182722
2024-01-28 03:20:00,9.162379
2024-01-28 03:25:00,9.738143
2024-01-28 03:30:00,9.077692
2024-01-28 03:35:00,8.96273
2024-01-28 03:40:00,8.847763
2024-01-28 03:45:00,9.715908
2024-01-28 03:50:00,9.12311
2024-01-28 03:55:00,9.147706
2024-01-28 04:00:00,9.075801
2024-01-28 04:05:00,10.1289215
2024-01-28 04:10:00,9.9988165
2024-01-28 04:15:00,9.612769
2024-01-28 04:20:00,9.818098
2024-01-28 04:25:00,11.000375
2024-01-28 04:30:00,10.988077
2024-01-28 04:35:00,10.812085
2024-01-28 04:40:00,11.538761
2024-01-28 04:45:00,11.740307
2024-01-28 04:50:00,12.090399
2024-01-28 04:55:00,12.160421
2024-01-28 05:00:00,12.189754
2024-01-28 05:05:00,12.27491
2024-01-28 05:10:00,12.52282
2024-01-28 05:15:00,12.513353
2024-01-28 05:20:00,13.060259
2024-01-28 05:25:00,13.291132
2024-01-28 05:30:00,13.666781
2024-01-28 05:35:00,14.72369
2024-01-28 05:40:00,15.043502
2024-01-28 05:45:00,15.637722
2024-01-28 05:50:00,15.67746
2024-01-28 05:55:00,16.10514
2024-01-28 06:00:00,16.351152
2024-01-28 06:05:00,16.360619
2024-01-28 06:10:00,17.125149
2024-01-28 06:15:00,17.528233
2024-01-28 06:20:00,18.292763
2024-01-28 06:25:00,18.31736
2024-01-28 06:30:00,18.341963
2024-01-28 06:35:00,18.671246
2024-01-28 06:40:00,21.195292
2024-01-28 06:45:00,24.662525
2024-01-28 06:50:00,26.455986
2024-01-28 06:55:00,25.55693
2024-01-28 07:00:00,26.541178
2024-01-28 07:05:00,28.519186
2024-01-28 07:10:00,26.83459
2024-01-28 07:15:00,27.364555
2024-01-28 07:20:00,29.588625
2024-01-28 07:25:00,29.749496
2024-01-28 07:30:00,33.856865
2024-01-28 07:35:00,33.487774
2024-01-28 07:40:00,34.93582
2024-01-28 07:45:00,38.390198
2024-01-28 07:50:00,40.983364
2024-01-28 07:55:00,40.89817
2024-01-28 08:00:00,42.705795
2024-01-28 08:05:00,43.207428
2024-01-28 08:10:00,44.806835
2024-01-28 08:15:00,47.485188
2024-01-28 08:20:00,48.96156
2024-01-28 08:25:00,50.608315
2024-01-28 08:30:00,52.425453
2024-01-28 08:35:00,54.346592
2024-01-28 08:40:00,57.318363
2024-01-28 08:45:00,59.7033
2024-01-28 08:50:00,60.271103
2024-01-28 08:55:00,61.25535
2024-01-28 09:00:00,61.671795
2024-01-28 09:05:00,62.457333
2024-01-28 09:10:00,62.16392
2024-01-28 09:15:00,64.22712
2024-01-28 09:20:00,63.31855
2024-01-28 09:25:00,64.47318
2024-01-28 09:30:00,64.596214
2024-01-28 09:35:00,66.44167
2024-01-28 09:40:00,68.16411
2024-01-28 09:45:00,70.302986
2024-01-28 09:50:00,72.46089
2024-01-28 09:55:00,73.36946
2024-01-28 10:00:00,73.44514
2024-01-28 10:05:00,73.93726
2024-01-28 10:10:00,74.75113
2024-01-28 10:15:00,73.44514
2024-01-28 10:20:00,75.56499
2024-01-28 10:25:00,77.32548
2024-01-28 10:30:00,80.9217
2024-01-28 10:35:00,78.68812
2024-01-28 10:40:00,79.19927
2024-01-28 10:45:00,80.50525
2024-01-28 10:50:00,82.076324
2024-01-28 10:55:00,81.90595
2024-01-28 11:00:00,83.30663
2024-01-28 11:05:00,83.5527
2024-01-28 11:10:00,83.62837
2024-01-28 11:15:00,85.02907
2024-01-28 11:20:00,83.06058
2024-01-28 11:25:00,83.38232
2024-01-28 11:30:00,85.59687
2024-01-28 11:35:00,83.30663
2024-01-28 11:40:00,81.0164
2024-01-28 11:45:00,79.86177
2024-01-28 11:50:00,83.30663
2024-01-28 11:55:00,84.44224
2024-01-28 12:00:00,83.40134
2024-01-28 12:05:00,80.59997
2024-01-28 12:10:00,78.93418
2024-01-28 12:15:00,77.7229
2024-01-28 12:20:00,79.04791
2024-01-28 12:25:00,79.86177
2024-01-28 12:30:00,80.18351
2024-01-28 12:35:00,82.24671
2024-01-28 12:40:00,80.42958
2024-01-28 12:45:00,79.293976
2024-01-28 12:50:00,82.00065
2024-01-28 12:55:00,83.15529
2024-01-28 13:00:00,84.87771
2024-01-28 13:05:00,83.95012
2024-01-28 13:10:00,84.04482
2024-01-28 13:15:00,82.66316
2024-01-28 13:20:00,80.33486
2024-01-28 13:25:00,81.0164
2024-01-28 13:30:00,80.202545
2024-01-28 13:35:00,81.659874
2024-01-28 13:40:00,81.90595
2024-01-28 13:45:00,83.30663
2024-01-28 13:50:00,82.56845
2024-01-28 13:55:00,82.795494
2024-01-28 14:00:00,78.93418
2024-01-28 14:05:00,76.73865
2024-01-28 14:10:00,75.33795
2024-01-28 14:15:00,74.42938
2024-01-28 14:20:00,73.501785
2024-01-28 14:25:00,75.584015
2024-01-28 14:30:00,71.94974
2024-01-28 14:35:00,70.39769
2024-01-28 14:40:00,69.58383
2024-01-28 14:45:00,71.38194
2024-01-28 14:50:00,73.44514
2024-01-28 14:55:00,72.29051
2024-01-28 15:00:00,71.47665
2024-01-28 15:05:00,70.1326
2024-01-28 15:10:00,73.35043
2024-01-28 15:15:00,72.706955
2024-01-28 15:20:00,72.51754
2024-01-28 15:25:00,73.918236
2024-01-28 15:30:00,74.505066
2024-01-28 15:35:00,77.230774
2024-01-28 15:40:00,73.84255
2024-01-28 15:45:00,76.07614
2024-01-28 15:50:00,76.49259
2024-01-28 15:55:00,76.71962
2024-01-28 16:00:00,78.53676
2024-01-28 16:05:00,77.89328
2024-01-28 16:10:00,72.53657
2024-01-28 16:15:00,74.505066
2024-01-28 16:20:00,76.170845
2024-01-28 16:25:00,76.56826
2024-01-28 16:30:00,78.612434
2024-01-28 16:35:00,78.290695
2024-01-28 16:40:00,82.24671
2024-01-28 16:45:00,79.59668
2024-01-28 16:50:00,78.93418
2024-01-28 16:55:00,79.59668
2024-01-28 17:00:00,80.75131
2024-01-28 17:05:00,79.369644
2024-01-28 17:10:00,79.369644
2024-01-28 17:15:00,78.13934
2024-01-28 17:20:00,80.9217
2024-01-28 17:25:00,83.64741
2024-01-28 17:30:00,78.612434
2024-01-28 17:35:00,79.95648
2024-01-28 17:40:00,77.55251
2024-01-28 17:45:00,78.290695
2024-01-28 17:50:00,75.48931
2024-01-28 17:55:00,76.13279
2024-01-28 18:00:00,74.01294
2024-01-28 18:05:00,71.703674
2024-01-28 18:10:00,71.11685
2024-01-28 18:15:00,74.90249
2024-01-28 18:20:00,73.74785
2024-01-28 18:25:00,73.028694
2024-01-28 18:30:00,72.61224
2024-01-28 18:35:00,71.89309
2024-01-28 18:40:00,69.81086
2024-01-28 18:45:00,68.21146
2024-01-28 18:50:00,65.50478
2024-01-28 18:55:00,64.84227
2024-01-28 19:00:00,64.009384
2024-01-28 19:05:00,63.39423
2024-01-28 19:10:00,60.564518
2024-01-28 19:15:00,58.42564
2024-01-28 19:20:00,58.009197
2024-01-28 19:25:00,55.103806
2024-01-28 19:30:00,47.97731
2024-01-28 19:35:00,47.305286
2024-01-28 19:40:00,45.828915
2024-01-28 19:45:00,46.084496
2024-01-28 19:50:00,46.07498
2024-01-28 19:55:00,43.82259
2024-01-28 20:00:00,39.41229
2024-01-28 20:05:00,41.59852
2024-01-28 20:10:00,43.77523
2024-01-28 20:15:00,42.21367
2024-01-28 20:20:00,39.374447
2024-01-28 20:25:00,39.94225
2024-01-28 20:30:00,38.72145
2024-01-28 20:35:00,38.683613
2024-01-28 20:40:00,36.99902
2024-01-28 20:45:00,34.850628
2024-01-28 20:50:00,33.251225
2024-01-28 20:55:00,31.935724
2024-01-28 21:00:00,31.235378
2024-01-28 21:05:00,30.279459
2024-01-28 21:10:00,29.29521
2024-01-28 21:15:00,25.82667
2024-01-28 21:20:00,25.987541
2024-01-28 21:25:00,25.495413
2024-01-28 21:30:00,24.463816
2024-01-28 21:35:00,23.787146
2024-01-28 21:40:00,22.250305
2024-01-28 21:45:00,21.061058
2024-01-28 21:50:00,20.004192
2024-01-28 21:55:00,19.089458
2024-01-28 22:00:00,18.794249
2024-01-28 22:05:00,18.285198
2024-01-28 22:10:00,17.72314
2024-01-28 22:15:00,17.147852
2024-01-28 22:20:00,16.714499
2024-01-28 22:25:00,16.6899
2024-01-28 22:30:00,16.226248
2024-01-28 22:35:00,15.569591
2024-01-28 22:40:00,15.075669
2024-01-28 22:45:00,15.257345
2024-01-28 22:50:00,14.640421
2024-01-28 22:55:00,14.01593
2024-01-28 23:00:00,13.340333
2024-01-28 23:05:00,13.74815
2024-01-28 23:10:00,13.561743
2024-01-28 23:15:00,13.155827
2024-01-28 23:20:00,12.419678
2024-01-28 23:25:00,12.780176
2024-01-28 23:30:00,12.872912
2024-01-28 23:35:00,12.467931
2024-01-28 23:40:00,12.012814
2024-01-28 23:45:00,12.004299
2024-01-28 23:50:00,11.058095
2024-01-28 23:55:00,10.478069
2024-01-29 00:00:00,10.313433
2024-01-29 00:05:00,10.145012
2024-01-29 00:10:00,10.268958
2024-01-29 00:15:00,10.3834505
2024-01-29 00:20:00,9.845059
2024-01-29 00:25:00,9.761326
2024-01-29 00:30:00,10.138858
2024-01-29 00:35:00,10.189012
2024-01-29 00:40:00,10.163459
2024-01-29 00:45:00,10.06884
2024-01-29 00:50:00,10.02437
2024-01-29 00:55:00,10.095806
2024-01-29 01:00:00,9.966649
2024-01-29 01:05:00,9.748079
2024-01-29 01:10:00,9.754229
2024-01-29 01:15:00,9.787349
2024-01-29 01:20:00,9.520516
2024-01-29 01:25:00,9.583438
2024-01-29 01:30:00,9.706445
2024-01-29 01:35:00,9.555049
2024-01-29 01:40:00,9.729624
2024-01-29 01:45:00,9.906564
2024-01-29 01:50:00,9.86966
2024-01-29 01:55:00,9.738143
2024-01-29 02:00:00,9.552684
2024-01-29 02:05:00,9.211102
2024-01-29 02:10:00,9.853579
2024-01-29 02:15:00,10.019634
2024-01-29 02:20:00,10.104325
2024-01-29 02:25:00,9.802012
2024-01-29 02:30:00,10.318164
2024-01-29 02:35:00,10.301129
2024-01-29 02:40:00,10.044234
2024-01-29 02:45:00,10.4572525
2024-01-29 02:50:00,10.543362
2024-01-29 02:55:00,10.790315
2024-01-29 03:00:00,10.926573
2024-01-29 03:05:00,11.082696
2024-01-29 03:10:00,10.593511
2024-01-29 03:15:00,11.152719
2024-01-29 03:20:00,11.394941
2024-01-29 03:25:00,11.79897
2024-01-29 03:30:00,11.206647
2024-01-29 03:35:00,11.859526
2024-01-29 03:40:00,12.288156
2024-01-29 03:45:00,13.241926
2024-01-29 03:50:00,14.031063
2024-01-29 03:55:00,14.9451
2024-01-29 04:00:00,14.837225
2024-01-29 04:05:00,14.920494
2024-01-29 04:10:00,15.001867
2024-01-29 04:15:00,15.198671
2024-01-29 04:20:00,16.120275
2024-01-29 04:25:00,16.803434
2024-01-29 04:30:00,17.946451
2024-01-29 04:35:00,18.720446
2024-01-29 04:40:00,20.686337
2024-01-29 04:45:00,24.217756
2024-01-29 04:50:00,27.89452
2024-01-29 04:55:00,32.465687
2024-01-29 05:00:00,34.51937
2024-01-29 05:05:00,36.904312
2024-01-29 05:10:00,36.743446
2024-01-29 05:15:00,39.4218
2024-01-29 05:20:00,42.83834
2024-01-29 05:25:00,45.09073
2024-01-29 05:30:00,45.384148
2024-01-29 05:35:00,49.671417
2024-01-29 05:40:00,52.917572
2024-01-29 05:45:00,57.88616
2024-01-29 05:50:00,68.088425
2024-01-29 05:55:00,73.44514
2024-01-29 06:00:00,78.707146
2024-01-29 06:05:00,83.5527
2024-01-29 06:10:00,85.369835
2024-01-29 06:15:00,91.29435
2024-01-29 06:20:00,98.27879
2024-01-29 06:25:00,101.37957
2024-01-29 06:30:00,106.701256
2024-01-29 06:35:00,109.38646
2024-01-29 06:40:00,108.19853
2024-01-29 06:45:00,105.98516
2024-01-29 06:50:00,105.85503
2024-01-29 06:55:00,105.07386
2024-01-29 07:00:00,107.97061
2024-01-29 07:05:00,110.73724
2024-01-29 07:10:00,108.19853
2024-01-29 07:15:00,106.131645
2024-01-29 07:20:00,105.49697
2024-01-29 07:25:00,106.48971
2024-01-29 07:30:00,103.29996
2024-01-29 07:35:00,102.89321
2024-01-29 07:40:00,98.27879
2024-01-29 07:45:00,98.449165
2024-01-29 07:50:00,94.341805
2024-01-29 07:55:00,85.59687
2024-01-29 08:00:00,84.95339
2024-01-29 08:05:00,81.83026
2024-01-29 08:10:00,78.04463
2024-01-29 08:15:00,77.89328
2024-01-29 08:20:00,75.48931
2024-01-29 08:25:00,75.09189
2024-01-29 08:30:00,74.16429
2024-01-29 08:35:00,74.18333
2024-01-29 08:40:00,76.07614
2024-01-29 08:45:00,78.12031
2024-01-29 08:50:00,78.555786
2024-01-29 08:55:00,79.86177
2024-01-29 09:00:00,78.04463
2024-01-29 09:05:00,77.7229
2024-01-29 09:10:00,76.322205
2024-01-29 09:15:00,75.98144
2024-01-29 09:20:00,75.148544
2024-01-29 09:25:00,78.290695
2024-01-29 09:30:00,77.89328
2024-01-29 09:35:00,74.99719
2024-01-29 09:40:00,72.441864
2024-01-29 09:45:00,71.38194
2024-01-29 09:50:00,71.30626
2024-01-29 09:55:00,74.675446
2024-01-29 10:00:00,72.78263
2024-01-29 10:05:00,73.27476
2024-01-29 10:10:00,74.90249
2024-01-29 10:15:00,73.35043
2024-01-29 10:20:00,74.92151
2024-01-29 10:25:00,75.6597
2024-01-29 10:30:00,76.71962
2024-01-29 10:35:00,77.32548
2024-01-29 10:40:00,79.59668
2024-01-29 10:45:00,79.95648
2024-01-29 10:50:00,80.75131
2024-01-29 10:55:00,79.84275
2024-01-29 11:00:00,78.290695
2024-01-29 11:05:00,74.75113
2024-01-29 11:10:00,76.96568
2024-01-29 11:15:00,76.49259
2024-01-29 11:20:00,77.06039
2024-01-29 11:25:00,78.12031
2024-01-29 11:30:00,79.86177
2024-01-29 11:35:00,81.33814
2024-01-29 11:40:00,82.076324
2024-01-29 11:45:00,81.09209
2024-01-29 11:50:00,80.088806
2024-01-29 11:55:00,82.00065
2024-01-29 12:00:00,81.659874
2024-01-29 12:05:00,81.09209
2024-01-29 12:10:00,83.06058
2024-01-29 12:15:00,84.21521
2024-01-29 12:20:00,83.571724
2024-01-29 12:25:00,85.02907
2024-01-29 12:30:00,84.21521
2024-01-29 12:35:00,82.227684
2024-01-29 12:40:00,81.659874
2024-01-29 12:45:00,82.909225
2024-01-29 12:50:00,82.795494
2024-01-29 12:55:00,84.97242
2024-01-29 13:00:00,87.6791
2024-01-29 13:05:00,89.723274
2024-01-29 13:10:00,95.553085
2024-01-29 13:15:00,100.484634
2024-01-29 13:20:00,100.69619
2024-01-29 13:25:00,103.153465
2024-01-29 13:30:00,106.977875
2024-01-29 13:35:00,107.417366
2024-01-29 13:40:00,105.35048
2024-01-29 13:45:00,109.59801
2024-01-29 13:50:00,108.96334
2024-01-29 13:55:00,110.57437
2024-01-29 14:00:00,112.4096
2024-01-29 14:05:00,113.97054
2024-01-29 14:10:00,114.32269
2024-01-29 14:15:00,116.65124
2024-01-29 14:20:00,118.309456
2024-01-29 14:25:00,119.89971
2024-01-29 14:30:00,121.96693
2024-01-29 14:35:00,122.375916
2024-01-29 14:40:00,121.31946
2024-01-29 14:45:00,121.28548
2024-01-29 14:50:00,122.05775
2024-01-29 14:55:00,123.29584
2024-01-29 15:00:00,122.55755
2024-01-29 15:05:00,118.95693
2024-01-29 15:10:00,114.41351
2024-01-29 15:15:00,116.48072
2024-01-29 15:20:00,125.62439
2024-01-29 15:25:00,128.83888
2024-01-29 15:30:00,123.352684
2024-01-29 15:35:00,109.46789
2024-01-29 15:40:00,106.68489
2024-01-29 15:45:00,100.826324
2024-01-29 15:50:00,93.60361
2024-01-29 15:55:00,86.278404
2024-01-29 16:00:00,77.87425
2024-01-29 16:05:00,79.615715
2024-01-29 16:10:00,78.19599
2024-01-29 16:15:00,77.21175
2024-01-29 16:20:00,77.230774
2024-01-29 16:25:00,82.076324
2024-01-29 16:30:00,76.39788
2024-01-29 16:35:00,79.44533
2024-01-29 16:40:00,79.27494
2024-01-29 16:45:00,81.90595
2024-01-29 16:50:00,80.997375
2024-01-29 16:55:00,102.388664
2024-01-29 17:00:00,116.151436
2024-01-29 17:05:00,123.648
2024-01-29 17:10:00,116.68522
2024-01-29 17:15:00,108.83321
2024-01-29 17:20:00,106.14802
2024-01-29 17:25:00,122.671234
2024-01-29 17:30:00,128.42989
2024-01-29 17:35:00,124.62476
2024-01-29 17:40:00,114.85649
2024-01-29 17:45:00,102.51879
2024-01-29 17:50:00,126.95331
2024-01-29 17:55:00,138.95932
2024-01-29 18:00:00,150.72684
2024-01-29 18:05:00,156.92847
2024-01-29 18:10:00,153.68001
2024-01-29 18:15:00,154.8384
2024-01-29 18:20:00,157.92809
2024-01-29 18:25:00,160.17693
2024-01-29 18:30:00,159.5863
2024-01-29 18:35:00,159.60916
2024-01-29 18:40:00,155.42903
2024-01-29 18:45:00,156.24702
2024-01-29 18:50:00,152.38506
2024-01-29 18:55:00,147.13733
2024-01-29 19:00:00,142.41228
2024-01-29 19:05:00,138.36868
2024-01-29 19:10:00,136.18779
2024-01-29 19:15:00,134.50673
2024-01-29 19:20:00,132.88248
2024-01-29 19:25:00,132.58717
2024-01-29 19:30:00,130.3723
2024-01-29 19:35:00,127.896095
2024-01-29 19:40:00,126.27186
2024-01-29 19:45:00,123.534325
2024-01-29 19:50:00,123.886475
2024-01-29 19:55:00,123.05737
2024-01-29 20:00:00,123.386665
2024-01-29 20:05:00,122.17141
2024-01-29 20:10:00,122.319084
2024-01-29 20:15:00,121.63763
2024-01-29 20:20:00,121.78529
2024-01-29 20:25:00,123.76167
2024-01-29 20:30:00,124.09098
2024-01-29 20:35:00,125.56756
2024-01-29 20:40:00,126.21502
2024-01-29 20:45:00,128.3051
2024-01-29 20:50:00,127.24863
2024-01-29 20:55:00,125.9197
2024-01-29 21:00:00,124.82927
2024-01-29 21:05:00,122.96655
2024-01-29 21:10:00,121.63763
2024-01-29 21:15:00,118.95693
2024-01-29 21:20:00,115.59478
2024-01-29 21:25:00,111.583466
2024-01-29 21:30:00,104.01607
2024-01-29 21:35:00,94.41747
2024-01-29 21:40:00,88.1522
2024-01-29 21:45:00,75.64066
2024-01-29 21:50:00,65.9022
2024-01-29 21:55:00,54.886066
2024-01-29 22:00:00,47.352642
2024-01-29 22:05:00,39.506992
2024-01-29 22:10:00,33.11868
2024-01-29 22:15:00,27.033302
2024-01-29 22:20:00,22.056456
2024-01-29 22:25:00,19.231398
2024-01-29 22:30:00,18.167856
2024-01-29 22:35:00,17.098648
2024-01-29 22:40:00,15.141904
2024-01-29 22:45:00,14.1711
2024-01-29 22:50:00,14.38684
2024-01-29 22:55:00,14.183398
2024-01-29 23:00:00,14.311137
2024-01-29 23:05:00,14.141764
2024-01-29 23:10:00,13.50214
2024-01-29 23:15:00,13.335601
2024-01-29 23:20:00,13.311001
2024-01-29 23:25:00,12.917382
2024-01-29 23:30:00,12.666641
2024-01-29 23:35:00,12.181239
2024-01-29 23:40:00,11.745038
2024-01-29 23:45:00,12.213406
2024-01-29 23:50:00,11.897377
2024-01-29 23:55:00,11.514161
2024-01-30 00:00:00,11.238818
2024-01-30 00:05:00,11.313568
2024-01-30 00:10:00,10.91427
2024-01-30 00:15:00,10.885887
2024-01-30 00:20:00,11.008889
2024-01-30 00:25:00,10.7079935
2024-01-30 00:30:00,10.244362
2024-01-30 00:35:00,10.174344
2024-01-30 00:40:00,9.955765
2024-01-30 00:45:00,9.688942
2024-01-30 00:50:00,9.86966
2024-01-30 00:55:00,9.923597
2024-01-30 01:00:00,9.635953
2024-01-30 01:05:00,10.375884
2024-01-30 01:10:00,10.264227
2024-01-30 01:15:00,10.136488
2024-01-30 01:20:00,10.285996
2024-01-30 01:25:00,10.302078
2024-01-30 01:30:00,9.97185
2024-01-30 01:35:00,9.583438
2024-01-30 01:40:00,9.676639
2024-01-30 01:45:00,9.748079
2024-01-30 01:50:00,9.696504
2024-01-30 01:55:00,9.456168
2024-01-30 02:00:00,9.423527
2024-01-30 02:05:00,9.400823
2024-01-30 02:10:00,10.198944
2024-01-30 02:15:00,10.498892
2024-01-30 02:20:00,10.4572525
2024-01-30 02:25:00,10.4080515
2024-01-30 02:30:00,10.836686
2024-01-30 02:35:00,11.181098
2024-01-30 02:40:00,10.885887
2024-01-30 02:45:00,11.009838
2024-01-30 02:50:00,10.766667
2024-01-30 02:55:00,11.074177
2024-01-30 03:00:00,11.070394
2024-01-30 03:05:00,11.2274685
2024-01-30 03:10:00,10.844248
2024-01-30 03:15:00,11.276665
2024-01-30 03:20:00,11.704351
2024-01-30 03:25:00,12.016597
2024-01-30 03:30:00,11.403456
2024-01-30 03:35:00,12.291944
2024-01-30 03:40:00,12.71111
2024-01-30 03:45:00,13.475638
2024-01-30 03:50:00,14.082161
2024-01-30 03:55:00,14.598786
2024-01-30 04:00:00,13.752881
2024-01-30 04:05:00,14.640421
2024-01-30 04:10:00,14.549585
2024-01-30 04:15:00,14.9451
2024-01-30 04:20:00,15.471184
2024-01-30 04:25:00,17.04378
2024-01-30 04:30:00,17.6607
2024-01-30 04:35:00,18.991056
2024-01-30 04:40:00,21.862606
2024-01-30 04:45:00,26.12473
2024-01-30 04:50:00,30.118586
2024-01-30 04:55:00,32.210114
2024-01-30 05:00:00,35.144043
2024-01-30 05:05:00,38.428036
2024-01-30 05:10:00,40.491238
2024-01-30 05:15:00,43.207428
2024-01-30 05:20:00,46.16017
2024-01-30 05:25:00,51.024757
2024-01-30 05:30:00,51.25179
2024-01-30 05:35:00,53.826145
2024-01-30 05:40:00,58.255253
2024-01-30 05:45:00,65.77917
2024-01-30 05:50:00,70.81414
2024-01-30 05:55:00,80.42958
2024-01-30 06:00:00,87.338326
2024-01-30 06:05:00,95.32605
2024-01-30 06:10:00,106.34321
2024-01-30 06:15:00,113.584404
2024-01-30 06:20:00,117.38953
2024-01-30 06:25:00,119.95656
2024-01-30 06:30:00,119.45673
2024-01-30 06:35:00,117.38953
2024-01-30 06:40:00,115.83325
2024-01-30 06:45:00,113.232254
2024-01-30 06:50:00,111.29049
2024-01-30 06:55:00,108.96334
2024-01-30 07:00:00,106.55477
2024-01-30 07:05:00,103.65802
2024-01-30 07:10:00,101.96554
2024-01-30 07:15:00,101.75399
2024-01-30 07:20:00,101.16801
2024-01-30 07:25:00,100.89139
2024-01-30 07:30:00,100.61476
2024-01-30 07:35:00,101.81905
2024-01-30 07:40:00,99.89867
2024-01-30 07:45:00,96.897125
2024-01-30 07:50:00,91.93783
2024-01-30 07:55:00,95.06096
2024-01-30 08:00:00,95.07998
2024-01-30 08:05:00,95.32605
2024-01-30 08:10:00,90.04502
2024-01-30 08:15:00,84.63166
2024-01-30 08:20:00,88.26593
2024-01-30 08:25:00,89.552895
2024-01-30 08:30:00,85.84294
2024-01-30 08:35:00,85.369835
2024-01-30 08:40:00,87.754776
2024-01-30 08:45:00,89.723274
2024-01-30 08:50:00,90.63184
2024-01-30 08:55:00,88.00084
2024-01-30 09:00:00,88.9094
2024-01-30 09:05:00,85.786285
2024-01-30 09:10:00,82.56845
2024-01-30 09:15:00,84.21521
2024-01-30 09:20:00,82.171036
2024-01-30 09:25:00,80.59997
2024-01-30 09:30:00,80.3539
2024-01-30 09:35:00,80.50525
2024-01-30 09:40:00,80.088806
2024-01-30 09:45:00,78.612434
2024-01-30 09:50:00,78.80185
2024-01-30 09:55:00,78.290695
2024-01-30 10:00:00,79.27494
2024-01-30 10:05:00,80.826996
2024-01-30 10:10:00,83.15529
2024-01-30 10:15:00,88.26593
2024-01-30 10:20:00,88.492966
2024-01-30 10:25:00,89.15547
2024-01-30 10:30:00,89.23115
2024-01-30 10:35:00,92.278595
2024-01-30 10:40:00,92.25957
2024-01-30 10:45:00,95.15566
2024-01-30 10:50:00,95.89384
2024-01-30 10:55:00,96.480675
2024-01-30 11:00:00,95.742485
2024-01-30 11:05:00,93.66026
2024-01-30 11:10:00,93.187164
2024-01-30 11:15:00,93.11148
2024-01-30 11:20:00,94.00103
2024-01-30 11:25:00,95.742485
2024-01-30 11:30:00,98.27879
2024-01-30 11:35:00,100.27307
2024-01-30 11:40:00,100.61476
2024-01-30 11:45:00,102.60022
2024-01-30 11:50:00,100.549706
2024-01-30 11:55:00,100.89139
2024-01-30 12:00:00,96.897125
2024-01-30 12:05:00,96.310295
2024-01-30 12:10:00,95.4774
2024-01-30 12:15:00,100.679825
2024-01-30 12:20:00,99.980095
2024-01-30 12:25:00,98.61955
2024-01-30 12:30:00,93.52793
2024-01-30 12:35:00,92.35427
2024-01-30 12:40:00,90.29107
2024-01-30 12:45:00,94.41747
2024-01-30 12:50:00,95.96952
2024-01-30 12:55:00,97.29454
2024-01-30 13:00:00,100.06152
2024-01-30 13:05:00,100.61476
2024-01-30 13:10:00,103.86957
2024-01-30 13:15:00,110.06983
2024-01-30 13:20:00,110.52568
2024-01-30 13:25:00,112.051796
2024-01-30 13:30:00,115.06098
2024-01-30 13:35:00,116.09458
2024-01-30 13:40:00,115.00414
2024-01-30 13:45:00,115.65161
2024-01-30 13:50:00,115.35631
2024-01-30 13:55:00,114.1182
2024-01-30 14:00:00,110.36282
2024-01-30 14:05:00,110.52568
2024-01-30 14:10:00,108.83321
2024-01-30 14:15:00,112.18953
2024-01-30 14:20:00,112.905136
2024-01-30 14:25:00,114.20902
2024-01-30 14:30:00,113.913704
2024-01-30 14:35:00,113.436745
2024-01-30 14:40:00,115.65161
2024-01-30 14:45:00,116.946556
2024-01-30 14:50:00,117.332695
2024-01-30 14:55:00,119.16142
2024-01-30 15:00:00,121.63763
2024-01-30 15:05:00,122.81889
2024-01-30 15:10:00,123.20502
2024-01-30 15:15:00,123.00053
2024-01-30 15:20:00,123.148186
2024-01-30 15:25:00,123.85249
2024-01-30 15:30:00,125.976555
2024-01-30 15:35:00,128.13458
2024-01-30 15:40:00,128.24825
2024-01-30 15:45:00,129.46349
2024-01-30 15:50:00,130.51996
2024-01-30 15:55:00,129.42952
2024-01-30 16:00:00,129.52032
2024-01-30 16:05:00,128.98654
2024-01-30 16:10:00,128.54356
2024-01-30 16:15:00,126.27186
2024-01-30 16:20:00,125.44276
2024-01-30 16:25:00,123.05737
2024-01-30 16:30:00,124.181786
2024-01-30 16:35:00,125.44276
2024-01-30 16:40:00,124.68161
2024-01-30 16:45:00,123.61401
2024-01-30 16:50:00,123.26187
2024-01-30 16:55:00,123.20502
2024-01-30 17:00:00,122.375916
2024-01-30 17:05:00,121.37629
2024-01-30 17:10:00,120.39953
2024-01-30 17:15:00,118.309456
2024-01-30 17:20:00,119.60439
2024-01-30 17:25:00,117.44637
2024-01-30 17:30:00,116.7989
2024-01-30 17:35:00,115.94693
2024-01-30 17:40:00,114.5272
2024-01-30 17:45:00,113.64125
2024-01-30 17:50:00,116.53756
2024-01-30 17:55:00,115.50397
2024-01-30 18:00:00,111.37192
2024-01-30 18:05:00,110.52568
2024-01-30 18:10:00,108.39372
2024-01-30 18:15:00,110.785934
2024-01-30 18:20:00,107.75905
2024-01-30 18:25:00,105.98516
2024-01-30 18:30:00,100.38684
2024-01-30 18:35:00,97.71098
2024-01-30 18:40:00,98.61955
2024-01-30 18:45:00,94.663536
2024-01-30 18:50:00,92.94111
2024-01-30 18:55:00,88.00084
2024-01-30 19:00:00,84.55598
2024-01-30 19:05:00,84.97242
2024-01-30 19:10:00,83.95012
2024-01-30 19:15:00,80.088806
2024-01-30 19:20:00,78.442055
2024-01-30 19:25:00,74.18333
2024-01-30 19:30:00,75.16757
2024-01-30 19:35:00,70.54905
2024-01-30 19:40:00,64.71924
2024-01-30 19:45:00,61.501415
2024-01-30 19:50:00,59.53292
2024-01-30 19:55:00,57.76313
2024-01-30 20:00:00,54.640007
2024-01-30 20:05:00,52.207714
2024-01-30 20:10:00,50.560955
2024-01-30 20:15:00,46.45359
2024-01-30 20:20:00,44.598606
2024-01-30 20:25:00,42.630116
2024-01-30 20:30:00,40.235664
2024-01-30 20:35:00,39.17574
2024-01-30 20:40:00,38.83497
2024-01-30 20:45:00,38.51323
2024-01-30 20:50:00,36.989502
2024-01-30 20:55:00,36.705605
2024-01-30 21:00:00,34.81279
2024-01-30 21:05:00,32.257465
2024-01-30 21:10:00,31.812695
2024-01-30 21:15:00,29.588625
2024-01-30 21:20:00,29.503433
2024-01-30 21:25:00,27.525423
2024-01-30 21:30:00,24.317104
2024-01-30 21:35:00,23.295023
2024-01-30 21:40:00,21.776838
2024-01-30 21:45:00,20.163551
2024-01-30 21:50:00,20.563322
2024-01-30 21:55:00,19.443338
2024-01-30 22:00:00,19.38467
2024-01-30 22:05:00,19.489775
2024-01-30 22:10:00,19.000525
2024-01-30 22:15:00,18.398731
2024-01-30 22:20:00,17.742073
2024-01-30 22:25:00,17.518763
2024-01-30 22:30:00,17.058912
2024-01-30 22:35:00,16.40982
2024-01-30 22:40:00,15.883732
2024-01-30 22:45:00,15.719094
2024-01-30 22:50:00,15.586619
2024-01-30 22:55:00,15.512818
2024-01-30 23:00:00,15.011334
2024-01-30 23:05:00,14.426578
2024-01-30 23:10:00,14.328176
2024-01-30 23:15:00,13.669617
2024-01-30 23:20:00,13.416036
2024-01-30 23:25:00,13.035654
2024-01-30 23:30:00,13.106625
2024-01-30 23:35:00,12.378996
2024-01-30 23:40:00,12.251257
2024-01-30 23:45:00,12.398865
2024-01-30 23:50:00,12.44333
2024-01-30 23:55:00,12.049717
2024-01-31 00:00:00,11.366557
2024-01-31 00:05:00,11.671231
2024-01-31 00:10:00,11.481994
2024-01-31 00:15:00,11.465908
2024-01-31 00:20:00,11.440359
2024-01-31 00:25:00,11.548229
2024-01-31 00:30:00,11.568098
2024-01-31 00:35:00,11.322087
2024-01-31 00:40:00,11.206647
2024-01-31 00:45:00,10.725028
2024-01-31 00:50:00,10.725028
2024-01-31 00:55:00,10.211242
2024-01-31 01:00:00,10.642712
2024-01-31 01:05:00,10.479018
2024-01-31 01:10:00,10.433599
2024-01-31 01:15:00,10.400485
2024-01-31 01:20:00,10.374936
2024-01-31 01:25:00,10.171973
2024-01-31 01:30:00,10.497939
2024-01-31 01:35:00,10.742062
2024-01-31 01:40:00,10.667313
2024-01-31 01:45:00,10.601077
2024-01-31 01:50:00,10.728816
2024-01-31 01:55:00,10.630409
2024-01-31 02:00:00,9.72584
2024-01-31 02:05:00,9.966649
2024-01-31 02:10:00,9.848847
2024-01-31 02:15:00,9.964284
2024-01-31 02:20:00,9.75659
2024-01-31 02:25:00,9.955765
2024-01-31 02:30:00,9.594318
2024-01-31 02:35:00,10.597294
2024-01-31 02:40:00,10.445903
2024-01-31 02:45:00,10.651226
2024-01-31 02:50:00,11.009838
2024-01-31 02:55:00,11.313568
2024-01-31 03:00:00,11.082696
2024-01-31 03:05:00,11.092158
2024-01-31 03:10:00,11.403456
2024-01-31 03:15:00,11.642853
2024-01-31 03:20:00,11.67975
2024-01-31 03:25:00,11.930492
2024-01-31 03:30:00,11.764907
2024-01-31 03:35:00,12.723409
2024-01-31 03:40:00,13.740583
2024-01-31 03:45:00,13.998892
2024-01-31 03:50:00,15.158943
2024-01-31 03:55:00,15.825064
2024-01-31 04:00:00,16.063507
2024-01-31 04:05:00,15.866703
2024-01-31 04:10:00,15.537418
2024-01-31 04:15:00,16.048374
2024-01-31 04:20:00,16.835602
2024-01-31 04:25:00,17.709904
2024-01-31 04:30:00,18.061888
2024-01-31 04:35:00,20.208261
2024-01-31 04:40:00,21.679916
2024-01-31 04:45:00,24.047369
2024-01-31 04:50:00,27.080656
2024-01-31 04:55:00,31.604475
2024-01-31 05:00:00,33.364746
2024-01-31 05:05:00,35.011497
2024-01-31 05:10:00,37.19773
2024-01-31 05:15:00,40.07479
2024-01-31 05:20:00,43.860424
2024-01-31 05:25:00,45.885788
2024-01-31 05:30:00,49.08459
2024-01-31 05:35:00,54.592655
2024-01-31 05:40:00,58.917763
2024-01-31 05:45:00,64.47318
2024-01-31 05:50:00,72.441864
2024-01-31 05:55:00,74.92151
2024-01-31 06:00:00,84.04482
2024-01-31 06:05:00,90.46146
2024-01-31 06:10:00,94.663536
2024-01-31 06:15:00,100.175285
2024-01-31 06:20:00,104.29269
2024-01-31 06:25:00,108.62165
2024-01-31 06:30:00,113.618385
2024-01-31 06:35:00,115.94693
2024-01-31 06:40:00,114.47036
2024-01-31 06:45:00,113.527565
2024-01-31 06:50:00,114.32269
2024-01-31 06:55:00,114.61802
2024-01-31 07:00:00,114.82251
2024-01-31 07:05:00,114.65199
2024-01-31 07:10:00,114.82251
2024-01-31 07:15:00,114.91332
2024-01-31 07:20:00,113.436745
2024-01-31 07:25:00,113.289085
2024-01-31 07:30:00,109.80957
2024-01-31 07:35:00,105.13892
2024-01-31 07:40:00,104.1462
2024-01-31 07:45:00,102.388664
2024-01-31 07:50:00,99.41047
2024-01-31 07:55:00,97.540596
2024-01-31 08:00:00,94.663536
2024-01-31 08:05:00,99.035995
2024-01-31 08:10:00,94.26612
2024-01-31 08:15:00,94.49315
2024-01-31 08:20:00,93.4142
2024-01-31 08:25:00,93.773994
2024-01-31 08:30:00,91.78648
2024-01-31 08:35:00,89.723274
2024-01-31 08:40:00,90.139725
2024-01-31 08:45:00,89.6476
2024-01-31 08:50:00,87.433044
2024-01-31 08:55:00,86.67583
2024-01-31 09:00:00,85.27513
2024-01-31 09:05:00,81.75459
2024-01-31 09:10:00,79.59668
2024-01-31 09:15:00,78.442055
2024-01-31 09:20:00,76.89001
2024-01-31 09:25:00,74.92151
2024-01-31 09:30:00,75.48931
2024-01-31 09:35:00,72.21483
2024-01-31 09:40:00,70.302986
2024-01-31 09:45:00,68.25881
2024-01-31 09:50:00,70.07595
2024-01-31 09:55:00,69.39442
2024-01-31 10:00:00,70.88982
2024-01-31 10:05:00,74.77016
2024-01-31 10:10:00,72.78263
2024-01-31 10:15:00,74.65642
2024-01-31 10:20:00,75.16757
2024-01-31 10:25:00,78.707146
2024-01-31 10:30:00,77.968956
2024-01-31 10:35:00,79.69138
2024-01-31 10:40:00,78.04463
2024-01-31 10:45:00,79.95648
2024-01-31 10:50:00,77.230774
2024-01-31 10:55:00,75.31893
2024-01-31 11:00:00,78.442055
2024-01-31 11:05:00,78.21502
2024-01-31 11:10:00,78.877525
2024-01-31 11:15:00,83.30663
2024-01-31 11:20:00,83.96915
2024-01-31 11:25:00,85.86196
2024-01-31 11:30:00,90.38577
2024-01-31 11:35:00,89.23115
2024-01-31 11:40:00,91.540405
2024-01-31 11:45:00,92.52466
2024-01-31 11:50:00,89.552895
2024-01-31 11:55:00,92.108215
2024-01-31 12:00:00,94.663536
2024-01-31 12:05:00,90.72655
2024-01-31 12:10:00,93.26284
2024-01-31 12:15:00,89.96934
2024-01-31 12:20:00,91.862144
2024-01-31 12:25:00,93.66026
2024-01-31 12:30:00,91.199646
2024-01-31 12:35:00,90.23443
2024-01-31 12:40:00,94.09573
2024-01-31 12:45:00,93.66026
2024-01-31 12:50:00,97.78667
2024-01-31 12:55:00,99.833595
2024-01-31 13:00:00,98.127426
2024-01-31 13:05:00,100.826324
2024-01-31 13:10:00,100.69619
2024-01-31 13:15:00,105.98516
2024-01-31 13:20:00,110.86736
2024-01-31 13:25:00,110.18399
2024-01-31 13:30:00,107.54749
2024-01-31 13:35:00,107.417366
2024-01-31 13:40:00,105.98516
2024-01-31 13:45:00,106.847755
2024-01-31 13:50:00,108.035675
2024-01-31 13:55:00,107.97061
2024-01-31 14:00:00,110.314125
2024-01-31 14:05:00,112.25839
2024-01-31 14:10:00,113.675224
2024-01-31 14:15:00,111.160355
2024-01-31 14:20:00,110.785934
2024-01-31 14:25:00,112.54733
2024-01-31 14:30:00,112.6162
2024-01-31 14:35:00,115.00414
2024-01-31 14:40:00,117.98016
2024-01-31 14:45:00,118.95693
2024-01-31 14:50:00,119.89971
2024-01-31 14:55:00,121.78529
2024-01-31 15:00:00,123.50034
2024-01-31 15:05:00,125.23825
2024-01-31 15:10:00,125.86287
2024-01-31 15:15:00,127.12383
2024-01-31 15:20:00,127.24863
2024-01-31 15:25:00,128.54356
2024-01-31 15:30:00,128.98654
2024-01-31 15:35:00,127.952934
2024-01-31 15:40:00,128.33907
2024-01-31 15:45:00,129.28185
2024-01-31 15:50:00,129.22502
2024-01-31 15:55:00,127.60078
2024-01-31 16:00:00,125.38591
2024-01-31 16:05:00,122.319084
2024-01-31 16:10:00,121.63763
2024-01-31 16:15:00,120.69485
2024-01-31 16:20:00,119.89971
2024-01-31 16:25:00,120.87648
2024-01-31 16:30:00,121.047
2024-01-31 16:35:00,121.52395
2024-01-31 16:40:00,120.52432
2024-01-31 16:45:00,121.22864
2024-01-31 16:50:00,120.84251
2024-01-31 16:55:00,121.932945
2024-01-31 17:00:00,122.080605
2024-01-31 17:05:00,120.638
2024-01-31 17:10:00,120.93332
2024-01-31 17:15:00,120.751686
2024-01-31 17:20:00,114.91332
2024-01-31 17:25:00,114.1182
2024-01-31 17:30:00,113.675224
2024-01-31 17:35:00,113.73207
2024-01-31 17:40:00,115.20865
2024-01-31 17:45:00,115.50397
2024-01-31 17:50:00,116.594406
2024-01-31 17:55:00,116.446754
2024-01-31 18:00:00,118.070984
2024-01-31 18:05:00,119.3999
2024-01-31 18:10:00,118.3663
2024-01-31 18:15:00,117.42351
2024-01-31 18:20:00,116.151436
2024-01-31 18:25:00,113.675224
2024-01-31 18:30:00,113.141426
2024-01-31 18:35:00,108.88191
2024-01-31 18:40:00,105.85503
2024-01-31 18:45:00,103.29996
2024-01-31 18:50:00,101.96554
2024-01-31 18:55:00,100.5984
2024-01-31 19:00:00,94.26612
2024-01-31 19:05:00,87.338326
2024-01-31 19:10:00,85.86196
2024-01-31 19:15:00,84.97242
2024-01-31 19:20:00,85.27513
2024-01-31 19:25:00,80.202545
2024-01-31 19:30:00,76.96568
2024-01-31 19:35:00,74.65642
2024-01-31 19:40:00,69.73518
2024-01-31 19:45:00,70.71943
2024-01-31 19:50:00,68.997
2024-01-31 19:55:00,67.22722
2024-01-31 20:00:00,62.97778
2024-01-31 20:05:00,59.65595
2024-01-31 20:10:00,54.17621
2024-01-31 20:15:00,52.425453
2024-01-31 20:20:00,48.96156
2024-01-31 20:25:00,46.40623
2024-01-31 20:30:00,45.06241
2024-01-31 20:35:00,43.77523
2024-01-31 20:40:00,42.298866
2024-01-31 20:45:00,41.14423
2024-01-31 20:50:00,41.219906
2024-01-31 20:55:00,40.89817
2024-01-31 21:00:00,38.683613
2024-01-31 21:05:00,35.465782
2024-01-31 21:10:00,35.09669
2024-01-31 21:15:00,34.10293
2024-01-31 21:20:00,31.803183
2024-01-31 21:25:00,30.203777
2024-01-31 21:30:00,27.449743
2024-01-31 21:35:00,25.495413
2024-01-31 21:40:00,24.241428
2024-01-31 21:45:00,24.156239
2024-01-31 21:50:00,20.954727
2024-01-31 21:55:00,20.67235
2024-01-31 22:00:00,19.33927
2024-01-31 22:05:00,19.079994
2024-01-31 22:10:00,18.391167
2024-01-31 22:15:00,17.725039
2024-01-31 22:20:00,17.412794
2024-01-31 22:25:00,17.034311
2024-01-31 22:30:00,16.695564
2024-01-31 22:35:00,16.457125
2024-01-31 22:40:00,15.709627
2024-01-31 22:45:00,15.421978
2024-01-31 22:50:00,15.446583
2024-01-31 22:55:00,15.166505
2024-01-31 23:00:00,15.117304
2024-01-31 23:05:00,15.0264635
2024-01-31 23:10:00,14.332902
2024-01-31 23:15:00,13.8910265
2024-01-31 23:20:00,14.077429
2024-01-31 23:25:00,13.755716
2024-01-31 23:30:00,13.541878
2024-01-31 23:35:00,13.246662
2024-01-31 23:40:00,13.271262
2024-01-31 23:45:00,12.978887
2024-01-31 23:50:00,12.71111
2024-01-31 23:55:00,12.558766
2024-02-01 00:00:00,11.868041
2024-02-01 00:05:00,11.897377
2024-02-01 00:10:00,11.925761
2024-02-01 00:15:00,11.67975
2024-02-01 00:20:00,11.662717
2024-02-01 00:25:00,11.292756
2024-02-01 00:30:00,11.494291
2024-02-01 00:35:00,11.5264635
2024-02-01 00:40:00,11.190566
2024-02-01 00:45:00,10.906704
2024-02-01 00:50:00,10.926573
2024-02-01 00:55:00,10.778965
2024-02-01 01:00:00,10.761931
2024-02-01 01:05:00,10.523487
2024-02-01 01:10:00,10.268958
2024-02-01 01:15:00,10.095806
2024-02-01 01:20:00,10.101954
2024-02-01 01:25:00,10.285996
2024-02-01 01:30:00,10.551871
2024-02-01 01:35:00,10.066474
2024-02-01 01:40:00,10.159676
2024-02-01 01:45:00,10.4080515
2024-02-01 01:50:00,9.651086
2024-02-01 01:55:00,8.730435
2024-02-01 02:00:00,8.672715
2024-02-01 02:05:00,8.479693
2024-02-01 02:10:00,9.220095
2024-02-01 02:15:00,9.408863
2024-02-01 02:20:00,8.804716
2024-02-01 02:25:00,9.193129
2024-02-01 02:30:00,10.428868
2024-02-01 02:35:00,10.52727
2024-02-01 02:40:00,10.229698
2024-02-01 02:45:00,10.473338
2024-02-01 02:50:00,10.52727
2024-02-01 02:55:00,10.420354
2024-02-01 03:00:00,10.479018
2024-02-01 03:05:00,10.346552
2024-02-01 03:10:00,10.272751
2024-02-01 03:15:00,10.184276
2024-02-01 03:20:00,10.218809
2024-02-01 03:25:00,10.029571
2024-02-01 03:30:00,10.675827
2024-02-01 03:35:00,11.2728815
2024-02-01 03:40:00,11.641899
2024-02-01 03:45:00,11.638121
2024-02-01 03:50:00,12.275858
2024-02-01 03:55:00,12.505782
2024-02-01 04:00:00,13.035654
2024-02-01 04:05:00,13.3621025
2024-02-01 04:10:00,13.015789
2024-02-01 04:15:00,13.3867035
2024-02-01 04:20:00,13.291132
2024-02-01 04:25:00,13.600542
2024-02-01 04:30:00,15.709627
2024-02-01 04:35:00,16.112709
2024-02-01 04:40:00,17.297356
2024-02-01 04:45:00,19.040258
2024-02-01 04:50:00,20.686337
2024-02-01 04:55:00,21.650108
2024-02-01 05:00:00,23.356535
2024-02-01 05:05:00,25.348705
2024-02-01 05:10:00,26.616854
2024-02-01 05:15:00,32.3805
2024-02-01 05:20:00,31.519278
2024-02-01 05:25:00,34.31115
2024-02-01 05:30:00,36.0431
2024-02-01 05:35:00,38.305004
2024-02-01 05:40:00,43.24527
2024-02-01 05:45:00,47.60822
2024-02-01 05:50:00,55.28349
2024-02-01 05:55:00,61.37838
2024-02-01 06:00:00,69.091705
2024-02-01 06:05:00,75.31893
2024-02-01 06:10:00,77.79857
2024-02-01 06:15:00,80.524284
2024-02-01 06:20:00,83.72308
2024-02-01 06:25:00,86.35408
2024-02-01 06:30:00,91.46474
2024-02-01 06:35:00,90.06404
2024-02-01 06:40:00,89.6476
2024-02-01 06:45:00,86.7515
2024-02-01 06:50:00,85.369835
2024-02-01 06:55:00,86.25938
2024-02-01 07:00:00,81.98162
2024-02-01 07:05:00,81.413826
2024-02-01 07:10:00,83.15529
2024-02-01 07:15:00,83.62837
2024-02-01 07:20:00,84.04482
2024-02-01 07:25:00,81.4895
2024-02-01 07:30:00,78.95321
2024-02-01 07:35:00,75.905754
2024-02-01 07:40:00,72.13915
2024-02-01 07:45:00,69.243065
2024-02-01 07:50:00,67.67198
2024-02-01 07:55:00,65.41007
2024-02-01 08:00:00,62.902107
2024-02-01 08:05:00,56.70321
2024-02-01 08:10:00,52.671513
2024-02-01 08:15:00,53.239315
2024-02-01 08:20:00,53.778793
2024-02-01 08:25:00,55.965023
2024-02-01 08:30:00,54.763035
2024-02-01 08:35:00,55.226837
2024-02-01 08:40:00,54.838715
2024-02-01 08:45:00,55.870316
2024-02-01 08:50:00,55.671604
2024-02-01 08:55:00,56.116375
2024-02-01 09:00:00,53.040604
2024-02-01 09:05:00,49.79445
2024-02-01 09:10:00,48.668144
2024-02-01 09:15:00,49.08459
2024-02-01 09:20:00,49.652393
2024-02-01 09:25:00,49.605038
2024-02-01 09:30:00,47.560863
2024-02-01 09:35:00,48.299053
2024-02-01 09:40:00,49.945805
2024-02-01 09:45:00,50.901726
2024-02-01 09:50:00,48.668144
2024-02-01 09:55:00,52.57681
2024-02-01 10:00:00,53.93015
2024-02-01 10:05:00,56.80721
2024-02-01 10:10:00,58.13222
2024-02-01 10:15:00,58.671703
2024-02-01 10:20:00,59.19215
2024-02-01 10:25:00,59.826332
2024-02-01 10:30:00,58.62435
2024-02-01 10:35:00,59.7033
2024-02-01 10:40:00,56.192055
2024-02-01 10:45:00,58.330933
2024-02-01 10:50:00,58.2079
2024-02-01 10:55:00,58.05655
2024-02-01 11:00:00,57.88616
2024-02-01 11:05:00,58.179573
2024-02-01 11:10:00,57.668427
2024-02-01 11:15:00,59.19215
2024-02-01 11:20:00,60.592842
2024-02-01 11:25:00,61.870502
2024-02-01 11:30:00,64.05673
2024-02-01 11:35:00,65.28705
2024-02-01 11:40:00,67.32192
2024-02-01 11:45:00,66.61206
2024-02-01 11:50:00,73.44514
2024-02-01 11:55:00,73.00967
2024-02-01 12:00:00,70.322014
2024-02-01 12:05:00,67.76669
2024-02-01 12:10:00,67.9654
2024-02-01 12:15:00,66.73509
2024-02-01 12:20:00,68.75094
2024-02-01 12:25:00,66.981155
2024-02-01 12:30:00,66.61206
2024-02-01 12:35:00,65.70349
2024-02-01 12:40:00,69.5648
2024-02-01 12:45:00,71.060196
2024-02-01 12:50:00,73.918236
2024-02-01 12:55:00,77.13606
2024-02-01 13:00:00,78.12031
2024-02-01 13:05:00,78.877525
2024-02-01 13:10:00,77.62819
2024-02-01 13:15:00,83.72308
2024-02-01 13:20:00,84.783005
2024-02-01 13:25:00,88.39826
2024-02-01 13:30:00,89.552895
2024-02-01 13:35:00,94.26612
2024-02-01 13:40:00,91.71079
2024-02-01 13:45:00,93.28187
2024-02-01 13:50:00,94.41747
2024-02-01 13:55:00,97.389244
2024-02-01 14:00:00,96.310295
2024-02-01 14:05:00,97.389244
2024-02-01 14:10:00,99.62203
2024-02-01 14:15:00,99.11168
2024-02-01 14:20:00,100.403206
2024-02-01 14:25:00,99.34541
2024-02-01 14:30:00,101.88411
2024-02-01 14:35:00,102.25853
2024-02-01 14:40:00,103.57658
2024-02-01 14:45:00,104.56931
2024-02-01 14:50:00,104.65074
2024-02-01 14:55:00,105.78996
2024-02-01 15:00:00,105.41555
2024-02-01 15:05:00,106.847755
2024-02-01 15:10:00,109.38646
2024-02-01 15:15:00,110.02113
2024-02-01 15:20:00,112.051796
2024-02-01 15:25:00,112.795105
2024-02-01 15:30:00,112.4096
2024-02-01 15:35:00,113.7889
2024-02-01 15:40:00,113.97054
2024-02-01 15:45:00,115.59478
2024-02-01 15:50:00,114.32269
2024-02-01 15:55:00,114.02739
2024-02-01 16:00:00,112.97401
2024-02-01 16:05:00,112.4096
2024-02-01 16:10:00,112.65737
2024-02-01 16:15:00,115.29946
2024-02-01 16:20:00,119.60439
2024-02-01 16:25:00,125.738075
2024-02-01 16:30:00,131.9397
2024-02-01 16:35:00,137.48274
2024-02-01 16:40:00,143.79803
2024-02-01 16:45:00,146.56956
2024-02-01 16:50:00,147.43265
2024-02-01 16:55:00,143.91171
2024-02-01 17:00:00,138.45949
2024-02-01 17:05:00,131.7352
2024-02-01 17:10:00,126.95331
2024-02-01 17:15:00,122.81889
2024-02-01 17:20:00,117.38953
2024-02-01 17:25:00,114.1182
2024-02-01 17:30:00,110.86736
2024-02-01 17:35:00,116.29909
2024-02-01 17:40:00,115.17466
2024-02-01 17:45:00,112.795105
2024-02-01 17:50:00,109.33776
2024-02-01 17:55:00,103.65802
2024-02-01 18:00:00,100.97282
2024-02-01 18:05:00,101.96554
2024-02-01 18:10:00,102.583855
2024-02-01 18:15:00,110.6558
2024-02-01 18:20:00,112.97401
2024-02-01 18:25:00,113.289085
2024-02-01 18:30:00,112.07949
2024-02-01 18:35:00,112.795105
2024-02-01 18:40:00,108.686714
2024-02-01 18:45:00,106.48971
2024-02-01 18:50:00,106.131645
2024-02-01 18:55:00,103.29996
2024-02-01 19:00:00,99.11168
2024-02-01 19:05:00,93.754974
2024-02-01 19:10:00,86.61917
2024-02-01 19:15:00,82.56845
2024-02-01 19:20:00,76.56826
2024-02-01 19:25:00,70.795105
2024-02-01 19:30:00,65.533104
2024-02-01 19:35:00,62.3343
2024-02-01 19:40:00,59.239506
2024-02-01 19:45:00,57.564426
2024-02-01 19:50:00,53.684086
2024-02-01 19:55:00,52.207714
2024-02-01 20:00:00,49.378002
2024-02-01 20:05:00,48.024662
2024-02-01 20:10:00,46.198013
2024-02-01 20:15:00,46.82268
2024-02-01 20:20:00,44.352543
2024-02-01 20:25:00,43.52917
2024-02-01 20:30:00,43.52917
2024-02-01 20:35:00,43.3683
2024-02-01 20:40:00,43.860424
2024-02-01 20:45:00,43.084404
2024-02-01 20:50:00,41.797226
2024-02-01 20:55:00,39.743538
2024-02-01 21:00:00,40.491238
2024-02-01 21:05:00,41.153744
2024-02-01 21:10:00,42.582764
2024-02-01 21:15:00,38.465878
2024-02-01 21:20:00,36.866474
2024-02-01 21:25:00,34.642406
2024-02-01 21:30:00,32.011406
2024-02-01 21:35:00,27.856678
2024-02-01 21:40:00,25.70364
2024-02-01 21:45:00,24.440138
2024-02-01 21:50:00,23.910177
2024-02-01 21:55:00,21.322023
2024-02-01 22:00:00,19.379005
2024-02-01 22:05:00,18.366564
2024-02-01 22:10:00,18.504707
2024-02-01 22:15:00,18.194357
2024-02-01 22:20:00,16.951044
2024-02-01 22:25:00,16.328453
2024-02-01 22:30:00,16.095675
2024-02-01 22:35:00,15.520385
2024-02-01 22:40:00,14.918598
2024-02-01 22:45:00,14.753956
2024-02-01 22:50:00,15.306546
2024-02-01 22:55:00,14.812625
